id;sourceid;description;fonte;data
1;Fantastic;mercati Refined;FILE;2021-11-15T17:11:44
2;Gorgeous;invoice Loan modelli;GOOGLESHEET;2021-11-15T18:06:56
3;Industrial Isole Account;Bike monetizzate;FILE;2021-11-16T10:20:23
4;transmitter;Handmade;DOLIBARR;2021-11-15T17:05:33
5;compressing green;sensor Regional;DOLIBARR;2021-11-16T08:30:42
6;compatibile Outdoors Nigeria;Via visionari Fresh;GOOGLESHEET;2021-11-15T14:36:02
7;Supervisor PNG matrici;PCI hacking;GOOGLESHEET;2021-11-15T22:49:13
8;sistemica relazioni scalabile;sexy digital;DOLIBARR;2021-11-16T03:42:15
9;alto;configurabile sinergizzate bluetooth;GOOGLESHEET;2021-11-16T10:16:39
10;Home;Barletta-Andria-Trani Granite Automotive;GOTOWEBINAR;2021-11-16T04:15:11
